{"v":"4.8.0","meta":{"g":"LottieFiles AE 1.0.0","a":"","k":"","d":"","tc":"none"},"fr":30,"ip":0,"op":60,"w":1080,"h":1080,"nm":"planet icon","ddd":0,"assets":[],"layers":[{"ddd":0,"ind":1,"ty":4,"nm":"planet (w/ expression)","sr":1,"ks":{"o":{"a":0,"k":100,"ix":11},"r":{"a":0,"k":0,"ix":10},"p":{"a":0,"k":[540,540,0],"ix":2},"a":{"a":0,"k":[587.928,587.929,0],"ix":1},"s":{"a":0,"k":[100,100,100],"ix":6}},"ao":0,"shapes":[{"ty":"gr","it":[{"ty":"gr","it":[{"ind":0,"ty":"sh","ix":1,"ks":{"a":0,"k":{"i":[[0,0],[0,0]],"o":[[0,0],[0,0]],"v":[[150,587.929],[1025.857,587.929]],"c":false},"ix":2},"nm":"Path 1","mn":"ADBE Vector Shape - Group","hd":false},{"ind":1,"ty":"sh","ix":2,"ks":{"a":0,"k":{"i":[[0,0],[0,0]],"o":[[0,0],[0,0]],"v":[[218.992,361.833],[959.418,361.833]],"c":false},"ix":2},"nm":"Path 2","mn":"ADBE Vector Shape - Group","hd":false},{"ind":2,"ty":"sh","ix":3,"ks":{"a":0,"k":{"i":[[0,0],[0,0]],"o":[[0,0],[0,0]],"v":[[221.545,818.855],[961.971,818.855]],"c":false},"ix":2},"nm":"Path 3","mn":"ADBE Vector Shape - Group","hd":false},{"ty":"st","c":{"a":0,"k":[0,0,0,1],"ix":3},"o":{"a":0,"k":100,"ix":4},"w":{"a":0,"k":60,"ix":5},"lc":2,"lj":1,"ml":10,"bm":0,"nm":"Stroke 1","mn":"ADBE Vector Graphic - Stroke","hd":false},{"ty":"tr","p":{"a":0,"k":[0,0],"ix":2},"a":{"a":0,"k":[0,0],"ix":1},"s":{"a":0,"k":[100,100],"ix":3},"r":{"a":0,"k":0,"ix":6},"o":{"a":0,"k":100,"ix":7},"sk":{"a":0,"k":0,"ix":4},"sa":{"a":0,"k":0,"ix":5},"nm":"Transform"}],"nm":"Group 3","np":4,"cix":2,"bm":0,"ix":1,"mn":"ADBE Vector Group","hd":false},{"ty":"gr","it":[{"ind":0,"ty":"sh","ix":1,"ks":{"a":1,"k":[{"i":{"x":0.833,"y":0.833},"o":{"x":0.167,"y":0.167},"t":0,"s":[{"i":[[0,0],[42,-456],[0,0]],"o":[[0,0],[20,426],[0,0]],"v":[[587.928,150],[149.928,589.929],[587.928,1025.857]],"c":false}]},{"t":30,"s":[{"i":[[0,0],[-2.04,-414.038],[0,0]],"o":[[0,0],[2,406],[0,0]],"v":[[587.928,150],[1025.928,587.929],[587.928,1025.857]],"c":false}]}],"ix":2,"x":"var $bm_rt;\nif (numKeys > 1 && time > key(numKeys).time) {\n    var sTime = key(1).time;\n    var eTime = key(numKeys).time;\n    var loopEvery = $bm_sub(eTime, sTime);\n    var delta = $bm_sub(time, eTime);\n    var finalTime = $bm_sum(sTime, $bm_mod(delta, loopEvery));\n    $bm_rt = valueAtTime(finalTime);\n} else {\n    $bm_rt = value;\n}"},"nm":"Path 1","mn":"ADBE Vector Shape - Group","hd":false},{"ind":1,"ty":"sh","ix":2,"ks":{"a":1,"k":[{"i":{"x":0.833,"y":0.833},"o":{"x":0.167,"y":0.167},"t":10,"s":[{"i":[[0,0],[42,-456],[0,0]],"o":[[0,0],[20,426],[0,0]],"v":[[587.928,150],[149.928,589.929],[587.928,1025.857]],"c":false}]},{"t":40,"s":[{"i":[[0,0],[-2.04,-414.038],[0,0]],"o":[[0,0],[2,406],[0,0]],"v":[[587.928,150],[1025.928,587.929],[587.928,1025.857]],"c":false}]}],"ix":2,"x":"var $bm_rt;\nif (numKeys > 1 && time > key(numKeys).time) {\n    var sTime = key(1).time;\n    var eTime = key(numKeys).time;\n    var loopEvery = $bm_sub(eTime, sTime);\n    var delta = $bm_sub(time, eTime);\n    var finalTime = $bm_sum(sTime, $bm_mod(delta, loopEvery));\n    $bm_rt = valueAtTime(finalTime);\n} else {\n    $bm_rt = value;\n}"},"nm":"Path 2","mn":"ADBE Vector Shape - Group","hd":false},{"ind":2,"ty":"sh","ix":3,"ks":{"a":1,"k":[{"i":{"x":0.833,"y":0.833},"o":{"x":0.167,"y":0.167},"t":20,"s":[{"i":[[0,0],[42,-456],[0,0]],"o":[[0,0],[20,426],[0,0]],"v":[[587.928,150],[149.928,589.929],[587.928,1025.857]],"c":false}]},{"t":50,"s":[{"i":[[0,0],[-2.04,-414.038],[0,0]],"o":[[0,0],[2,406],[0,0]],"v":[[587.928,150],[1025.928,587.929],[587.928,1025.857]],"c":false}]}],"ix":2,"x":"var $bm_rt;\nif (numKeys > 1 && time > key(numKeys).time) {\n    var sTime = key(1).time;\n    var eTime = key(numKeys).time;\n    var loopEvery = $bm_sub(eTime, sTime);\n    var delta = $bm_sub(time, eTime);\n    var finalTime = $bm_sum(sTime, $bm_mod(delta, loopEvery));\n    $bm_rt = valueAtTime(finalTime);\n} else {\n    $bm_rt = value;\n}"},"nm":"Path 3","mn":"ADBE Vector Shape - Group","hd":false},{"ind":3,"ty":"sh","ix":4,"ks":{"a":1,"k":[{"i":{"x":0.833,"y":0.833},"o":{"x":0.167,"y":0.167},"t":30,"s":[{"i":[[0,0],[42,-456],[0,0]],"o":[[0,0],[20,426],[0,0]],"v":[[587.928,150],[149.928,589.929],[587.928,1025.857]],"c":false}]},{"t":60,"s":[{"i":[[0,0],[-2.04,-414.038],[0,0]],"o":[[0,0],[2,406],[0,0]],"v":[[587.928,150],[1025.928,587.929],[587.928,1025.857]],"c":false}]}],"ix":2,"x":"var $bm_rt;\nif (numKeys > 1 && time > key(numKeys).time) {\n    var sTime = key(1).time;\n    var eTime = key(numKeys).time;\n    var loopEvery = $bm_sub(eTime, sTime);\n    var delta = $bm_sub(time, eTime);\n    var finalTime = $bm_sum(sTime, $bm_mod(delta, loopEvery));\n    $bm_rt = valueAtTime(finalTime);\n} else {\n    $bm_rt = value;\n}"},"nm":"Path 4","mn":"ADBE Vector Shape - Group","hd":false},{"ind":4,"ty":"sh","ix":5,"ks":{"a":1,"k":[{"i":{"x":0.833,"y":0.833},"o":{"x":0.167,"y":0.167},"t":-20,"s":[{"i":[[0,0],[42,-456],[0,0]],"o":[[0,0],[20,426],[0,0]],"v":[[587.928,150],[149.928,589.929],[587.928,1025.857]],"c":false}]},{"t":10,"s":[{"i":[[0,0],[-2.04,-414.038],[0,0]],"o":[[0,0],[2,406],[0,0]],"v":[[587.928,150],[1025.928,587.929],[587.928,1025.857]],"c":false}]}],"ix":2,"x":"var $bm_rt;\nif (numKeys > 1 && time > key(numKeys).time) {\n    var sTime = key(1).time;\n    var eTime = key(numKeys).time;\n    var loopEvery = $bm_sub(eTime, sTime);\n    var delta = $bm_sub(time, eTime);\n    var finalTime = $bm_sum(sTime, $bm_mod(delta, loopEvery));\n    $bm_rt = valueAtTime(finalTime);\n} else {\n    $bm_rt = value;\n}"},"nm":"Path 5","mn":"ADBE Vector Shape - Group","hd":false},{"ind":5,"ty":"sh","ix":6,"ks":{"a":1,"k":[{"i":{"x":0.833,"y":0.833},"o":{"x":0.167,"y":0.167},"t":-10,"s":[{"i":[[0,0],[42,-456],[0,0]],"o":[[0,0],[20,426],[0,0]],"v":[[587.928,150],[149.928,589.929],[587.928,1025.857]],"c":false}]},{"t":20,"s":[{"i":[[0,0],[-2.04,-414.038],[0,0]],"o":[[0,0],[2,406],[0,0]],"v":[[587.928,150],[1025.928,587.929],[587.928,1025.857]],"c":false}]}],"ix":2,"x":"var $bm_rt;\nif (numKeys > 1 && time > key(numKeys).time) {\n    var sTime = key(1).time;\n    var eTime = key(numKeys).time;\n    var loopEvery = $bm_sub(eTime, sTime);\n    var delta = $bm_sub(time, eTime);\n    var finalTime = $bm_sum(sTime, $bm_mod(delta, loopEvery));\n    $bm_rt = valueAtTime(finalTime);\n} else {\n    $bm_rt = value;\n}"},"nm":"Path 6","mn":"ADBE Vector Shape - Group","hd":false},{"ty":"st","c":{"a":0,"k":[0,0,0,1],"ix":3},"o":{"a":0,"k":100,"ix":4},"w":{"a":0,"k":60,"ix":5},"lc":2,"lj":1,"ml":10,"bm":0,"nm":"Stroke 1","mn":"ADBE Vector Graphic - Stroke","hd":false},{"ty":"tr","p":{"a":0,"k":[0,0],"ix":2},"a":{"a":0,"k":[0,0],"ix":1},"s":{"a":0,"k":[100,100],"ix":3},"r":{"a":0,"k":0,"ix":6},"o":{"a":0,"k":100,"ix":7},"sk":{"a":0,"k":0,"ix":4},"sa":{"a":0,"k":0,"ix":5},"nm":"Transform"}],"nm":"Group 4","np":7,"cix":2,"bm":0,"ix":2,"mn":"ADBE Vector Group","hd":false},{"ty":"tr","p":{"a":0,"k":[587.928,587.929],"ix":2},"a":{"a":0,"k":[587.928,587.929],"ix":1},"s":{"a":0,"k":[100,100],"ix":3},"r":{"a":0,"k":0,"ix":6},"o":{"a":0,"k":100,"ix":7},"sk":{"a":0,"k":0,"ix":4},"sa":{"a":0,"k":0,"ix":5},"nm":"Transform"}],"nm":"Group 6","np":2,"cix":2,"bm":0,"ix":1,"mn":"ADBE Vector Group","hd":false},{"ty":"gr","it":[{"ind":0,"ty":"sh","ix":1,"ks":{"a":0,"k":{"i":[[0,-241.861],[241.862,0],[0,241.861],[-241.861,0]],"o":[[0,241.861],[-241.861,0],[0,-241.861],[241.862,0]],"v":[[437.929,0],[-0.001,437.929],[-437.928,0],[-0.001,-437.929]],"c":true},"ix":2},"nm":"Path 1","mn":"ADBE Vector Shape - Group","hd":false},{"ty":"st","c":{"a":0,"k":[0,0,0,1],"ix":3},"o":{"a":0,"k":100,"ix":4},"w":{"a":0,"k":60,"ix":5},"lc":2,"lj":1,"ml":10,"bm":0,"nm":"Stroke 1","mn":"ADBE Vector Graphic - Stroke","hd":false},{"ty":"tr","p":{"a":0,"k":[587.929,587.929],"ix":2},"a":{"a":0,"k":[0,0],"ix":1},"s":{"a":0,"k":[100,100],"ix":3},"r":{"a":0,"k":0,"ix":6},"o":{"a":0,"k":100,"ix":7},"sk":{"a":0,"k":0,"ix":4},"sa":{"a":0,"k":0,"ix":5},"nm":"Transform"}],"nm":"Group 5","np":2,"cix":2,"bm":0,"ix":2,"mn":"ADBE Vector Group","hd":false}],"ip":0,"op":150,"st":0,"bm":0}],"markers":[]}